{"MSE": 127.27266491304495, "R2_SCORE": 0.3994884179087851}