{"MSE": 127.27266491304484, "R2_SCORE": 0.39948841790878564}